run,iteration,entropy,critic_fit_own_target,critic_fit_real_outcomes,mean_game_length,castle_builds_per_1k_steps,terminal_fraction,curriculum_stage
run1,250,2.1823,0.8398,0.264,206.6021,1.4421,0.4495,0
run1,750,2.2773,0.81,0.2095,168.1927,0.0402,0.5027,1
run1,1250,3.4101,0.7181,0.0937,306.9857,1.6544,0.3174,3
run1,1750,4.0271,0.7886,0.11,388.3522,2.6459,0.2061,4
run1,2250,4.3228,0.8975,0.0424,596.5103,0.4799,0.0008,4
run1,2750,4.6966,0.7826,0.0645,593.1115,0.9281,0.0071,2
run1,3250,4.5592,0.9066,0.2407,579.8185,8.4669,0.0206,2
run1,3750,4.5875,0.6787,0.0706,584.8637,7.0203,0.0142,2
run1,4250,4.316,0.5171,0.052,421.3826,3.5315,0.1829,1
run1,4750,2.0742,0.6631,0.1418,135.9052,0.0118,0.5442,1
run1,5250,2.8401,0.6903,0.1026,194.254,0.08,0.4512,3
run1,5750,3.6289,0.7877,0.1385,336.5954,1.1628,0.2749,4
run1,6250,4.5679,0.9023,0.2104,545.1953,1.5092,0.0543,4
run1,6750,4.8744,0.9023,0.1667,583.2505,1.4724,0.0168,4
run1,7250,4.6675,0.8667,0.1162,595.7355,0.4687,0.0029,4
run1,7750,4.4659,0.5581,0.013,595.2158,3.4667,0.0035,3
run1,8250,4.9565,0.6241,0.0585,588.1857,8.9996,0.0119,2
run1,8750,3.9962,0.7947,0.1257,478.668,7.3206,0.1188,2
run1,9250,2.6786,0.6681,0.1015,211.9526,0.1545,0.4333,3
run1,9750,3.0973,0.8514,0.1931,320.4012,0.037,0.291,4
run1,10250,3.1592,0.9063,0.2745,382.1624,0.0117,0.2168,4
run1,10750,2.4926,0.9015,0.2846,295.1572,0.0073,0.3243,4
run1,11250,2.2716,0.9175,0.2981,300.327,0.1632,0.3143,4
run1,11750,2.2253,0.9172,0.2675,313.6268,0.2124,0.2982,4
run1,12250,2.664,0.9262,0.29,379.8167,0.2247,0.237,4
run1,12750,3.2101,0.9299,0.2705,449.5833,0.4984,0.1612,4
run1,13250,2.5174,0.9208,0.264,373.5755,0.2711,0.2437,4
run1,13750,1.9031,0.899,0.232,299.7525,0.0938,0.3294,4
run1,14250,1.725,0.8977,0.2349,264.0471,0.2414,0.3644,4
run1,14750,1.6995,0.8983,0.2346,254.3155,0.1619,0.3793,4
run1,15250,1.4971,0.8919,0.2404,222.3626,0.1919,0.4169,4
run1,15750,1.3054,0.8856,0.2221,202.4632,0.1658,0.4305,4
run1,16250,1.3287,0.8852,0.2227,200.7828,0.1614,0.4248,4
run1,16750,1.2243,0.8898,0.2264,205.9842,0.2181,0.4182,4
run1,17250,1.1828,0.8836,0.212,201.3414,0.2194,0.4154,4
run1,17750,1.0752,0.8814,0.2123,192.8087,0.1841,0.4274,4
run1,18250,1.014,0.8783,0.2067,188.1161,0.1727,0.4253,4
run1,18750,0.9394,0.8899,0.2335,187.4799,0.1139,0.42,4
run1,19250,0.9508,0.8971,0.2326,207.6592,0.1737,0.3948,4
run1,19750,0.9101,0.8894,0.2117,205.038,0.1446,0.3906,4
run1,20250,0.8413,0.8965,0.2207,209.5774,0.1021,0.3804,4
run1,20750,0.7796,0.8906,0.204,204.9976,0.0942,0.3772,4
run1,21250,0.7278,0.9008,0.2145,213.8704,0.0736,0.365,4
run1,21750,0.691,0.8947,0.2034,215.1842,0.0831,0.3618,4
run1,22250,0.6394,0.9015,0.2115,220.1652,0.0604,0.3479,4
run1,22750,0.6145,0.8976,0.2063,218.4288,0.0477,0.3485,4
run1,23250,0.5871,0.9018,0.2045,221.7221,0.0747,0.3483,4
run1,23750,0.5377,0.9133,0.2207,239.726,0.0486,0.3211,4
run1,24250,0.5269,0.9161,0.2286,235.0132,0.045,0.3273,4
run1,24750,0.5015,0.9167,0.2256,240.6282,0.047,0.3177,4
run1,25250,0.4865,0.916,0.2213,239.1417,0.0528,0.3213,4
run1,25750,0.454,0.9143,0.2239,235.7344,0.0315,0.323,4
run1,26250,0.447,0.9197,0.2375,243.5002,0.0285,0.3141,4
run1,26750,0.4512,0.9218,0.2347,242.2958,0.0403,0.3159,4
run1,27250,0.4512,0.9235,0.2414,248.8688,0.0539,0.3069,4
run1,27750,0.4561,0.9277,0.2439,254.7561,0.0807,0.3004,4
run1,28250,0.4195,0.9257,0.2458,246.8847,0.0466,0.3093,4
run1,28750,0.4292,0.9238,0.238,249.0757,0.042,0.307,4
run1,29250,0.4189,0.9274,0.2376,250.6358,0.0441,0.304,4
run1,29750,0.4215,0.9288,0.2417,252.1103,0.0444,0.3036,4
run2,250,1.9504,0.8473,0.278,200.0962,0.6697,0.4561,0
run2,750,2.193,0.8137,0.2198,189.3907,0.0189,0.4858,1
run2,1250,3.5817,0.7116,0.095,359.8229,0.5764,0.2751,2
run2,1750,4.6073,0.8461,0.1194,563.0736,3.5189,0.0372,3
run2,2250,5.0921,0.4692,0.0073,587.9907,3.9714,0.0111,2
run2,2750,4.2856,0.7437,0.1525,442.9675,2.0105,0.1618,1
run2,3250,2.7207,0.7207,0.1218,226.7982,0.1637,0.4476,2
run2,3750,3.6195,0.6237,0.0688,364.5935,0.6582,0.2613,3
run2,4250,3.9978,0.8056,0.0926,492.315,0.7364,0.1111,4
run2,4750,4.3314,0.8098,0.025,595.7321,1.9715,0.0023,4
run2,5250,4.6811,0.8203,0.1103,588.7843,1.345,0.0118,2
run2,5750,3.9528,0.8166,0.1123,580.055,0.7898,0.0205,2
run2,6250,4.6988,0.8913,0.0875,575.7303,0.0645,0.0243,2
run2,6750,4.7034,0.896,0.071,561.3476,0.0361,0.0381,2
run2,7250,3.5959,0.6138,0.0481,262.6634,0.0119,0.363,2
run2,7750,2.9709,0.7088,0.0957,213.8639,0.0138,0.4286,3
run2,8250,3.4205,0.8372,0.1695,309.5086,0.0864,0.298,4
run2,8750,3.9072,0.9151,0.2389,428.6887,0.3533,0.162,4
run2,9250,3.7856,0.9406,0.3268,439.3156,1.4012,0.1609,4
run2,9750,3.8789,0.9495,0.3716,427.7818,1.3274,0.1785,4
run2,10250,4.7393,0.958,0.271,552.2005,1.7758,0.0499,4
run2,10750,4.6559,0.8621,0.0372,595.9716,2.271,0.0016,4
run2,11250,4.562,0.8707,0.0015,597.476,0.6298,0.0004,4
run2,11750,4.7259,0.8659,0.0053,597.6611,1.0451,0.001,3
run2,12250,5.0227,0.7599,0.0011,596.7256,1.4451,0.0027,2
run2,12750,5.1291,0.5649,-0.0011,595.4405,3.9902,0.0047,1
run2,13250,5.3266,0.5699,0.0051,587.405,3.1845,0.0139,1
run2,13750,3.3027,0.6076,0.1042,291.652,0.7101,0.3611,1
run2,14250,1.7142,0.8599,0.2253,129.4071,0.023,0.5441,2
run2,14750,2.2816,0.8262,0.1695,171.9517,0.2462,0.4794,3
run2,15250,3.2858,0.8872,0.28,348.5175,3.5224,0.2661,4
run2,15750,4.443,0.9744,0.2954,546.3737,2.6821,0.0541,4
run2,16250,3.5211,0.937,0.2203,358.5799,1.4878,0.2286,4
run2,16750,4.1158,0.9716,0.3325,486.6197,1.6727,0.1131,4
run2,17250,4.6943,0.9603,0.2778,579.7021,6.7888,0.0204,4
run2,17750,4.5745,0.8238,0.0261,594.3151,0.851,0.0046,3
run2,18250,4.2878,0.8084,0.0972,444.7695,0.1806,0.1775,2
run2,18750,2.9459,0.8761,0.206,336.982,2.2641,0.2875,4
run2,19250,4.5743,0.9759,0.3759,563.3036,8.7458,0.037,4
run2,19750,5.0021,0.8024,0.0217,595.0081,5.8008,0.0026,4
run2,20250,5.259,0.601,0.0109,595.7467,4.1203,0.0041,2
run2,20750,5.2992,0.6118,0.0241,592.9075,0.5789,0.0072,2
run2,21250,4.2951,0.7164,0.0653,447.8212,0.2193,0.1728,2
run2,21750,2.3077,0.8257,0.1688,172.3859,0.0988,0.4748,3
run2,22250,3.634,0.9235,0.3018,430.5453,1.864,0.1763,4
run2,22750,4.8055,0.9845,0.133,586.3102,0.2532,0.0139,4
run2,23250,4.2705,0.9936,-0.1112,594.6036,0.0143,0.0046,4
run2,23750,3.9889,0.994,-0.136,592.5123,0.0502,0.006,4
run2,24250,3.5727,0.9947,-1.8165,592.6198,0.0094,0.0064,4
run2,24750,3.2543,0.9941,-2.6358,590.5069,0.0402,0.0073,4
run2,25250,3.4383,0.9935,-3.0556,577.7944,4.9128,0.0218,3
run2,25750,4.6507,0.9728,-0.3696,572.0703,13.8694,0.0283,3
run2,26250,4.026,0.9064,0.0278,537.2576,8.2041,0.067,3
run2,26750,2.76,0.8638,0.2016,304.5355,2.2093,0.2913,4
run2,27250,2.3748,0.9201,0.2491,260.6986,1.5825,0.3202,4
run2,27750,2.4556,0.9213,0.2259,273.2892,1.6297,0.2997,4
run2,28250,2.3007,0.9231,0.2423,259.1393,0.9137,0.3087,4
run2,28750,2.2539,0.9202,0.2148,257.8282,0.6057,0.3037,4
run2,29250,2.3489,0.9252,0.2257,263.4003,0.9842,0.3007,4
run2,29750,2.2094,0.929,0.2502,258.6053,0.9342,0.307,4
run2,30250,2.4361,0.9275,0.226,285.4637,1.1509,0.2779,4
run2,30750,2.7384,0.9348,0.234,330.5273,2.2012,0.2388,4
run2,31250,2.7867,0.9307,0.2161,327.7204,1.7488,0.2391,4
run2,31750,2.4779,0.9251,0.21,301.2445,1.0708,0.2669,4
run2,32250,2.3688,0.9323,0.2285,288.2604,0.9257,0.2762,4
run2,32750,2.4248,0.9234,0.2299,292.0881,1.441,0.2783,4
run2,33250,2.3735,0.9259,0.239,282.9154,0.9353,0.2897,4
run2,33750,2.4634,0.9272,0.2111,303.3317,0.9801,0.2617,4
run2,34250,2.2936,0.9274,0.2269,297.6388,1.0639,0.2667,4
run2,34750,2.149,0.9354,0.2421,294.6926,0.7537,0.2696,4
run2,35250,2.2169,0.9247,0.2117,298.8581,0.6029,0.2617,4
run2,35750,2.2648,0.9318,0.2313,314.0681,1.6586,0.2518,4
run2,36250,2.4141,0.9209,0.2012,317.4936,1.2742,0.2473,4
run2,36750,2.1694,0.9369,0.2371,307.8275,1.09,0.2564,4
run2,37250,2.1477,0.929,0.2298,290.195,0.5497,0.2716,4
run2,37750,1.9585,0.9374,0.2391,290.625,0.4643,0.27,4
run2,38250,2.0661,0.9296,0.2335,294.7313,0.5808,0.2649,4
run2,38750,1.9548,0.9298,0.214,286.4809,0.5515,0.2743,4
run2,39250,1.9881,0.9274,0.2205,279.177,0.4167,0.2797,4
run2,39750,2.0077,0.9269,0.2137,297.5473,0.5703,0.2645,4
run2,40250,1.8667,0.9271,0.2247,280.5764,0.4265,0.2784,4
run2,40750,2.0192,0.9233,0.2138,295.378,0.593,0.2684,4
run2,41250,1.9441,0.9255,0.212,294.6123,0.6407,0.2674,4
run2,41750,1.8661,0.9245,0.2064,292.5719,0.4049,0.269,4
run2,42250,1.8295,0.9333,0.2305,284.1268,0.4739,0.2772,4
run2,42750,1.8526,0.9266,0.2063,298.6763,0.3468,0.2617,4
run2,43250,1.8678,0.9253,0.2138,282.0502,0.3146,0.2777,4
run2,43750,1.8756,0.9302,0.217,291.7986,0.3622,0.2687,4
run2,44250,2.008,0.9347,0.2081,311.6218,0.3471,0.249,4
run2,44750,1.9551,0.9269,0.2139,291.655,0.3394,0.268,4
run2,45250,1.8671,0.9287,0.2296,292.0349,0.512,0.2675,4
run2,45750,1.7927,0.9372,0.2303,311.2622,0.5926,0.2495,4
run2,46250,1.8087,0.9362,0.233,301.5691,0.4447,0.2554,4
run2,46750,1.7314,0.9427,0.2462,307.6886,0.4371,0.2511,4
run2,47250,1.8209,0.9359,0.231,313.7149,0.5068,0.2474,4
run2,47750,1.5995,0.9423,0.2429,311.1163,0.5119,0.251,4
run2,48250,1.4874,0.9439,0.2431,319.4969,0.4086,0.2394,4
run2,48750,1.5557,0.9421,0.2391,319.1965,0.4601,0.2415,4
run2,49250,1.5629,0.9423,0.2477,320.377,0.447,0.2403,4
run2,49750,1.4551,0.9453,0.2607,302.1563,0.4122,0.2564,4
run2,50250,1.3623,0.9455,0.262,309.4202,0.43,0.2491,4
run2,50750,1.3476,0.9495,0.279,316.8147,0.4678,0.2395,4
run2,51250,1.3502,0.9512,0.2823,336.4659,0.4356,0.2231,4
run2,51750,1.4282,0.9468,0.2625,313.8528,0.5368,0.2462,4
run2,52250,1.3726,0.9502,0.265,322.9568,0.4352,0.2358,4
run2,52750,1.2497,0.9461,0.2587,307.7702,0.3257,0.2502,4
run2,53250,1.3058,0.9515,0.2703,324.3781,0.3227,0.2336,4
run2,53750,1.3094,0.9481,0.2501,335.1874,0.3894,0.2258,4
run2,54250,1.2189,0.9543,0.2839,319.0149,0.4255,0.2385,4
run2,54750,1.2183,0.947,0.2632,322.8927,0.4309,0.2345,4
run2,55250,1.1839,0.953,0.2766,318.9403,0.4026,0.2396,4
run2,55750,1.2395,0.9542,0.2799,326.7664,0.3741,0.2318,4
run2,56250,1.1175,0.9543,0.2913,325.1684,0.2914,0.2325,4
run2,56750,1.1749,0.9568,0.2951,319.248,0.5056,0.2397,4
run2,57250,1.1369,0.9552,0.2901,323.2906,0.3844,0.2339,4
run2,57750,1.0552,0.9561,0.2975,324.8628,0.4545,0.2327,4
run2,58250,1.0306,0.9588,0.3109,334.3514,0.4748,0.2236,4
run2,58750,1.0435,0.9577,0.3043,335.2362,0.4106,0.2214,4
run2,59250,1.014,0.9607,0.3195,340.5959,0.5177,0.2193,4
run2,59750,0.9861,0.9602,0.3262,329.0054,0.6279,0.2312,4
run2,60250,0.9621,0.9542,0.2949,337.2286,0.587,0.2251,4
run2,60750,0.9343,0.955,0.3057,334.5766,0.5949,0.2249,4
run2,61250,0.8887,0.9512,0.298,311.7198,0.5416,0.2401,4
run2,61750,0.8991,0.9583,0.3336,338.0695,0.7126,0.2194,4
run2,62250,0.8637,0.9519,0.3008,323.2657,0.7723,0.2332,4
run2,62750,0.8749,0.9544,0.3466,337.0195,1.4525,0.2209,4
run2,63250,1.0972,0.9595,0.4102,315.7746,2.7404,0.2476,4
run2,63750,1.0545,0.9453,0.3157,259.4194,2.3778,0.2932,4
run2,64250,1.0374,0.9424,0.3103,260.9635,2.9446,0.2948,4
run2,64750,1.0396,0.9467,0.3194,265.5047,2.5223,0.2915,4
run2,65250,0.9486,0.9424,0.3112,257.2531,2.4389,0.3025,4
run2,65750,0.9481,0.9421,0.3153,256.515,2.5776,0.3048,4
run2,66250,1.0295,0.9428,0.2882,259.0404,2.3042,0.3075,4
run2,66750,0.8968,0.946,0.3238,255.1011,2.3792,0.304,4
run2,67250,0.9396,0.9476,0.306,268.1652,2.182,0.2964,4
run2,67750,0.8937,0.9475,0.3084,263.7548,2.1915,0.2946,4
run2,68250,0.8656,0.9474,0.3073,270.1813,2.2798,0.2883,4
run2,68750,0.8399,0.9473,0.3131,271.2323,2.4604,0.2891,4
run2,69250,0.818,0.9429,0.2974,257.3167,2.7523,0.3018,4
run2,69750,0.8278,0.9464,0.3178,258.8826,2.5622,0.2958,4
run2,70250,0.7647,0.9506,0.328,276.0993,2.6176,0.2792,4
run2,70750,0.7488,0.9484,0.3188,276.3698,2.8428,0.2838,4
run2,71250,0.7307,0.9469,0.3138,267.5464,2.7239,0.2883,4
run2,71750,0.7299,0.9531,0.3371,273.5544,2.3974,0.288,4
run2,72250,0.74,0.9537,0.3322,283.8071,2.665,0.2785,4
run2,72750,0.7428,0.9424,0.2904,249.6451,2.5112,0.3134,4
run2,73250,0.736,0.9448,0.3052,246.5435,2.5791,0.3146,4
run2,73750,0.6994,0.9531,0.3343,271.8223,2.5584,0.2897,4
run2,74250,0.7116,0.9527,0.3189,272.7439,2.3036,0.2947,4
run2,74750,0.6772,0.9481,0.3037,257.3093,2.4548,0.3134,4
run2,75250,0.6724,0.9475,0.2919,265.5774,2.4494,0.3073,4
run2,75750,0.6623,0.9537,0.3245,273.9527,2.6615,0.2933,4
run2,76250,0.6363,0.9594,0.3465,282.201,2.4059,0.2825,4
run2,76750,0.5923,0.959,0.3461,281.49,2.2444,0.2821,4
run2,77250,0.6147,0.9479,0.2989,259.7544,2.3902,0.3085,4
run2,77750,0.5758,0.9547,0.3358,270.1136,2.5241,0.2941,4
run2,78250,0.5675,0.9587,0.35,285.9282,2.3656,0.2769,4
run2,78750,0.5624,0.955,0.3309,270.102,2.3143,0.2919,4
run2,79250,0.5677,0.9544,0.3372,274.0407,2.7673,0.2947,4
run2,79750,0.5357,0.9543,0.3441,266.307,2.6048,0.2967,4
run2,80250,0.5251,0.9531,0.326,260.6881,2.2491,0.3071,4
run2,80750,0.5259,0.96,0.3523,284.4115,2.2084,0.2813,4
run2,81250,0.5258,0.9557,0.3272,267.1321,2.0478,0.2977,4
run2,81750,0.5179,0.9572,0.3374,281.9502,2.5482,0.283,4
run2,82250,0.5358,0.9519,0.314,261.9724,2.5264,0.3068,4
run2,82750,0.5022,0.9597,0.3681,283.0131,2.9515,0.2802,4
run2,83250,0.5306,0.9618,0.3592,298.5215,2.1729,0.2756,4
run2,83750,0.4893,0.9582,0.3413,284.0119,2.6595,0.2817,4
run2,84250,0.4958,0.9579,0.3426,288.5688,2.7054,0.279,4
run2,84750,0.4951,0.9556,0.32,269.7746,2.545,0.298,4
run2,85250,0.4777,0.9607,0.3503,283.1762,2.2206,0.2814,4
run2,85750,0.4884,0.9557,0.3187,268.3346,2.2056,0.301,4
run2,86250,0.4938,0.9564,0.3244,268.0309,2.4047,0.2991,4
run2,86750,0.4947,0.9583,0.3251,274.7417,2.1749,0.2958,4
run2,87250,0.4842,0.9571,0.3355,275.625,2.623,0.2927,4
run2,87750,0.4594,0.9574,0.3388,271.6182,2.3952,0.2935,4
run2,88250,0.4406,0.9583,0.3491,274.677,2.2878,0.2922,4
run2,88750,0.4559,0.9581,0.3305,272.5702,1.927,0.2976,4
run2,89250,0.4622,0.9636,0.349,299.4022,1.8947,0.2684,4
run2,89750,0.4315,0.9564,0.3226,271.591,2.2379,0.2953,4
run2,90250,0.4254,0.9605,0.3486,277.306,2.1119,0.288,4
run2,90750,0.4282,0.958,0.3361,275.8379,2.3062,0.2909,4
run2,91250,0.4441,0.9588,0.3303,268.9163,1.8941,0.3003,4
run2,91750,0.4288,0.9596,0.3536,279.5413,2.6471,0.2827,4
run2,92250,0.4385,0.9584,0.3371,276.7382,2.1641,0.2931,4
run2,92750,0.4214,0.9597,0.3464,279.651,2.1302,0.2851,4
run2,93250,0.436,0.9572,0.3225,273.1372,2.1186,0.2921,4
run2,93750,0.4028,0.9561,0.3347,267.8186,2.3261,0.2981,4
run2,94250,0.4261,0.9597,0.3389,276.961,1.9104,0.2899,4
run2,94750,0.401,0.96,0.3689,284.6947,2.5489,0.277,4
run2,95250,0.4386,0.9628,0.354,283.9065,1.9682,0.2819,4
run2,95750,0.4327,0.9576,0.3318,268.4916,2.2619,0.2994,4
run2,96250,0.4177,0.9604,0.3494,275.4564,2.1288,0.2899,4
run2,96750,0.4176,0.9583,0.3369,272.7957,2.1665,0.293,4
run2,97250,0.4389,0.9607,0.3427,282.6391,2.0556,0.2873,4
run2,97750,0.4253,0.9639,0.3617,291.0385,1.8879,0.2756,4
run2,98250,0.4142,0.961,0.348,283.401,2.1139,0.2845,4
run2,98750,0.4048,0.9602,0.3626,280.168,2.4009,0.2847,4
run2,99250,0.4192,0.9588,0.339,278.1221,2.126,0.2905,4
run2,99750,0.4173,0.9562,0.3258,264.6944,2.1043,0.3059,4
run3,250,1.4831,0.8918,0.3456,197.9955,1.174,0.4418,0
run3,750,1.3477,0.8812,0.267,162.9876,0.9478,0.4847,1
run3,1250,1.3423,0.8996,0.2404,171.139,0.0238,0.4677,2
run3,1750,1.0907,0.9118,0.2383,189.1127,0.0027,0.4325,3
run3,2250,0.9996,0.9344,0.284,230.1007,0.0107,0.3582,4
run3,2750,1.2633,0.9314,0.31,191.0851,0.0238,0.4111,4
run3,3250,1.2876,0.9245,0.3173,182.6348,0.0507,0.4607,4
run3,3750,1.2456,0.9318,0.3292,215.6744,0.2825,0.4017,4
run3,4250,0.9826,0.9231,0.3261,210.0357,0.5809,0.4131,4
run3,4750,1.1011,0.9256,0.3257,193.4583,0.6398,0.4346,4
run3,5250,1.2234,0.9187,0.3007,183.6681,0.34,0.4439,4
run3,5750,1.1859,0.9196,0.3074,186.4234,0.3065,0.4404,4
run3,6250,1.2131,0.9153,0.2953,184.1293,0.3546,0.4509,4
run3,6750,1.234,0.9172,0.2931,188.0604,0.2707,0.4329,4
run3,7250,1.201,0.9189,0.2716,198.4829,0.3892,0.4074,4
run3,7750,1.1563,0.9169,0.2711,202.1228,0.5636,0.401,4
run3,8250,1.235,0.9129,0.2639,201.486,0.5528,0.3976,4
run3,8750,1.2032,0.9091,0.2636,195.8028,0.6728,0.3997,4
run3,9250,1.1322,0.9093,0.2826,187.9267,0.5672,0.421,4
run3,9750,1.208,0.9131,0.2937,192.716,0.5499,0.4088,4
run3,10250,1.2086,0.9165,0.3,195.1847,0.5718,0.4082,4
run3,10750,1.2369,0.92,0.3023,202.9271,0.7428,0.3908,4
run3,11250,1.2139,0.9227,0.297,203.6767,0.889,0.384,4
run3,11750,1.1609,0.928,0.3214,218.7596,0.8489,0.3575,4
run3,12250,1.2282,0.9314,0.3272,215.1722,0.8465,0.3601,4
run3,12750,1.158,0.9362,0.339,230.0469,0.942,0.3421,4
run3,13250,1.2279,0.939,0.3361,238.7727,1.1279,0.3236,4
run3,13750,1.2169,0.9377,0.3337,238.9777,1.2439,0.3252,4
run3,14250,1.1858,0.9347,0.3335,226.9087,1.2226,0.3397,4
run3,14750,1.1909,0.9387,0.3411,239.777,1.2099,0.3249,4
run3,15250,1.1928,0.939,0.3432,238.7015,1.2808,0.3215,4
run3,15750,1.2124,0.9377,0.3374,238.1609,1.2384,0.3249,4
run3,16250,1.2093,0.9448,0.3581,250.5286,1.4445,0.308,4
run3,16750,1.1732,0.9441,0.3554,246.2947,1.3704,0.3111,4
run3,17250,1.1905,0.9448,0.3639,249.0167,1.4616,0.3073,4
run3,17750,1.2047,0.9469,0.3712,249.0273,1.3771,0.3078,4
run3,18250,1.2053,0.9442,0.3612,240.5635,1.2444,0.3158,4
run3,18750,1.1875,0.9444,0.3584,240.3558,1.2083,0.3165,4
run3,19250,1.2008,0.9451,0.3562,252.8491,1.3041,0.3015,4
run3,19750,1.1867,0.9414,0.3402,244.9129,1.3723,0.3108,4
run3,20250,1.2208,0.9439,0.3522,244.8164,1.2427,0.3154,4
run3,20750,1.1917,0.9438,0.3518,253.1995,1.3713,0.3019,4
run3,21250,1.203,0.9469,0.3694,256.1198,1.5202,0.2986,4
run3,21750,1.1967,0.9375,0.3376,233.7212,1.3853,0.3253,4
run3,22250,1.1896,0.9411,0.3482,238.7741,1.324,0.3204,4
run3,22750,1.2058,0.9473,0.3754,251.6711,1.6875,0.303,4
run3,23250,1.2043,0.9417,0.3444,239.1068,1.41,0.3207,4
run3,23750,1.2245,0.9424,0.3548,250.3798,1.7124,0.3059,4
run3,24250,1.1921,0.9422,0.349,245.7431,1.451,0.3117,4
run3,24750,1.201,0.9403,0.3482,238.06,1.2952,0.3253,4
run3,25250,1.1676,0.9438,0.3594,246.0561,1.4795,0.3135,4
run3,25750,1.2312,0.9366,0.3333,240.2057,1.2753,0.323,4
run3,26250,1.2062,0.9419,0.3586,249.2709,1.5662,0.3124,4
run3,26750,1.1868,0.94,0.3452,249.916,1.531,0.3096,4
run3,27250,1.1836,0.9434,0.3628,255.5328,1.9364,0.2997,4
run3,27750,1.2169,0.9428,0.3656,246.1246,1.8219,0.3163,4
run3,28250,1.1962,0.9407,0.3512,252.5072,2.0276,0.3096,4
run3,28750,1.218,0.9409,0.3563,244.3118,1.9287,0.3183,4
run3,29250,1.1791,0.9468,0.3766,252.2846,1.7726,0.3022,4
run3,29750,1.1924,0.9424,0.3552,245.3552,1.8471,0.3141,4
run3,30250,1.2095,0.9433,0.3557,247.0135,1.6879,0.312,4
run3,30750,1.201,0.9426,0.3573,248.4347,1.5555,0.311,4
run3,31250,1.1972,0.9412,0.3498,246.9356,1.5269,0.3127,4
run3,31750,1.2195,0.9457,0.3666,259.2246,1.5724,0.2975,4
run3,32250,1.183,0.9407,0.3484,250.2073,1.6892,0.3079,4
run3,32750,1.1845,0.9349,0.3326,233.6655,1.5338,0.3293,4
run3,33250,1.2231,0.9435,0.3576,254.5799,1.4493,0.3048,4
run3,33750,1.2036,0.9437,0.3631,256.6433,1.4795,0.3015,4
run3,34250,1.2025,0.9417,0.3542,248.7882,1.5571,0.3108,4
run3,34750,1.1798,0.946,0.3719,258.9265,1.5453,0.2963,4
run3,35250,1.212,0.9497,0.3901,263.0062,1.4904,0.2932,4
run3,35750,1.1967,0.9473,0.3749,261.379,1.6923,0.2944,4
run3,36250,1.1905,0.9489,0.3895,259.2529,1.6541,0.2962,4
run3,36750,1.2106,0.9471,0.382,256.3637,1.7921,0.2995,4
run3,37250,1.2218,0.9473,0.3673,254.1612,1.8455,0.3008,4
run3,37750,1.1785,0.9496,0.3828,252.1094,1.7592,0.3015,4
run3,38250,1.2091,0.9522,0.3947,266.4003,2.3816,0.2892,4
run3,38750,1.2087,0.951,0.395,265.3337,2.2626,0.2895,4
run3,39250,1.1852,0.9473,0.3795,255.579,2.1656,0.3009,4
run3,39750,1.2017,0.9469,0.3793,263.2497,1.8825,0.2921,4
run3,40250,1.1908,0.9473,0.3741,257.748,2.0624,0.2973,4
run3,40750,1.2092,0.9457,0.3695,250.7957,1.9923,0.3057,4
run3,41250,1.2223,0.9511,0.3946,261.6156,2.2135,0.2926,4
run3,41750,1.1788,0.9445,0.3585,250.3383,1.7791,0.3056,4
run3,42250,1.2098,0.9454,0.3659,255.3454,1.9293,0.3001,4
run3,42750,1.1923,0.9485,0.3818,261.1572,1.9969,0.2953,4
run3,43250,1.1824,0.9478,0.3845,262.4884,1.8349,0.2948,4
run3,43750,1.2059,0.9463,0.3662,260.6547,1.7749,0.2967,4
run3,44250,1.1986,0.9447,0.3608,258.0775,1.8621,0.3007,4
run3,44750,1.1895,0.9463,0.3712,264.5516,1.8128,0.2908,4
run3,45250,1.2222,0.9482,0.3834,262.9044,1.8929,0.2954,4
run3,45750,1.1901,0.9427,0.3567,258.1153,2.2037,0.3003,4
run3,46250,1.1844,0.949,0.3809,264.93,1.9674,0.2934,4
run3,46750,1.2346,0.9459,0.3716,263.3366,1.6979,0.2961,4
run3,47250,1.1804,0.9491,0.3863,275.5863,2.0715,0.2799,4
run3,47750,1.2213,0.9502,0.385,276.3401,2.16,0.2817,4
run3,48250,1.1981,0.9446,0.3626,269.3255,1.7867,0.2889,4
run3,48750,1.1638,0.9458,0.3683,264.2558,1.7926,0.292,4
run3,49250,1.2344,0.9468,0.3721,270.6712,1.9145,0.2865,4
run3,49750,1.1735,0.9482,0.3877,268.9113,2.3744,0.2879,4
run3,50250,1.2349,0.9501,0.3936,272.681,2.2261,0.2845,4
run3,50750,1.1743,0.9468,0.3733,257.48,2.2006,0.2981,4
run3,51250,1.2129,0.9456,0.3754,260.1182,1.8727,0.2962,4
run3,51750,1.1642,0.948,0.3892,266.6288,1.9986,0.29,4
run3,52250,1.2373,0.9524,0.4043,279.3792,2.19,0.2787,4
run3,52750,1.178,0.9477,0.3799,267.4845,1.7614,0.2896,4
run3,53250,1.1971,0.947,0.3792,268.7797,2.0052,0.2866,4
run3,53750,1.2025,0.9486,0.3808,274.553,1.7967,0.282,4
run3,54250,1.179,0.9465,0.3808,260.5789,1.7921,0.2949,4
run3,54750,1.2196,0.9481,0.3813,279.8971,2.1589,0.2762,4
run3,55250,1.2007,0.9461,0.3788,269.1541,2.0367,0.287,4
run3,55750,1.2021,0.9465,0.3812,264.5749,2.0351,0.293,4
run3,56250,1.2164,0.947,0.3826,266.5086,1.9921,0.291,4
run3,56750,1.1766,0.9449,0.3755,267.4428,2.2102,0.2879,4
run3,57250,1.2116,0.9514,0.4019,281.9958,2.0669,0.272,4
run3,57750,1.2102,0.9466,0.3834,272.1249,2.2875,0.282,4
run3,58250,1.1867,0.9486,0.3838,278.6399,2.0706,0.2778,4
run3,58750,1.1778,0.9498,0.4001,275.8316,2.0213,0.2791,4
run3,59250,1.1975,0.9513,0.4186,269.8553,2.7769,0.2856,4
run3,59750,1.2169,0.9501,0.3954,278.1591,2.1655,0.2803,4
run3,60250,1.1896,0.9469,0.3784,261.9059,2.1156,0.2962,4
run3,60750,1.2019,0.9496,0.3969,279.6684,2.3506,0.276,4
run3,61250,1.2195,0.9435,0.366,261.8215,2.0357,0.2958,4
run3,61750,1.1972,0.9477,0.3758,276.1182,2.0389,0.2798,4
run3,62250,1.1783,0.9456,0.381,263.4666,2.1097,0.2895,4
run3,62750,1.2049,0.9486,0.3839,277.7241,1.8042,0.2759,4
run3,63250,1.1992,0.9447,0.3737,266.9569,2.0833,0.2875,4
run3,63750,1.1965,0.9465,0.3877,269.2766,2.2928,0.2837,4
run3,64250,1.2017,0.9445,0.3695,275.425,1.9908,0.2819,4
run3,64750,1.2115,0.9477,0.3835,285.5023,2.1635,0.2686,4
run3,65250,1.1861,0.9509,0.3971,285.0847,2.6867,0.2715,4
run3,65750,1.2056,0.949,0.392,269.9781,1.812,0.2846,4
run3,66250,1.2078,0.9472,0.3857,274.5863,1.899,0.2812,4
run3,66750,1.2047,0.9467,0.3774,275.341,1.7563,0.2815,4
run3,67250,1.1902,0.9512,0.4082,283.9945,2.2623,0.2691,4
run3,67750,1.204,0.9482,0.3792,284.1374,1.9972,0.2697,4
run3,68250,1.1886,0.9479,0.3789,290.1236,1.9851,0.2656,4
run3,68750,1.1959,0.9514,0.395,290.2013,2.0354,0.2663,4
run3,69250,1.2212,0.9498,0.3805,289.3303,2.1798,0.2662,4
run3,69750,1.1985,0.9477,0.3853,277.8324,2.0025,0.2758,4
run3,70250,1.1758,0.9472,0.3838,272.6541,2.1842,0.283,4
run3,70750,1.2286,0.9501,0.3798,289.7475,2.0762,0.2665,4
run3,71250,1.1867,0.9555,0.4086,298.5089,2.1383,0.2589,4
run3,71750,1.1823,0.952,0.3844,291.9013,1.4291,0.2685,4
run3,72250,1.2168,0.9532,0.3915,289.6703,1.8812,0.2661,4
run3,72750,1.1741,0.9512,0.3766,295.7393,1.7551,0.2626,4
run3,73250,1.2254,0.9538,0.4046,293.462,2.3996,0.2627,4
run3,73750,1.207,0.9481,0.3738,294.0871,1.9081,0.2629,4
run3,74250,1.2057,0.9473,0.3687,286.3293,1.7825,0.2703,4
run3,74750,1.1873,0.9497,0.3814,295.2254,1.7757,0.26,4
run3,75250,1.2013,0.953,0.3982,295.2106,2.0412,0.2617,4
run3,75750,1.1966,0.9479,0.3885,273.6689,2.4574,0.2795,4
run3,76250,1.2029,0.9464,0.3828,276.4279,2.2275,0.277,4
run3,76750,1.188,0.9477,0.3981,272.0858,2.3167,0.2812,4
run3,77250,1.1938,0.9451,0.3741,272.5977,2.4601,0.2818,4
run3,77750,1.2162,0.947,0.3853,275.3798,2.1467,0.2793,4
run3,78250,1.1905,0.9513,0.3998,291.5063,2.1437,0.2652,4
run3,78750,1.2222,0.9498,0.4063,278.6884,2.3679,0.2755,4
run3,79250,1.1816,0.9494,0.4042,281.5102,2.4111,0.273,4
run3,79750,1.2038,0.9445,0.3731,272.4848,1.9812,0.284,4
run3,80250,1.1826,0.9467,0.3762,286.3613,1.8676,0.27,4
run3,80750,1.2006,0.9491,0.388,293.2475,2.2025,0.2631,4
run3,81250,1.2089,0.951,0.4105,288.0767,2.5568,0.2661,4
run3,81750,1.2052,0.9474,0.38,286.4317,2.0775,0.271,4
run3,82250,1.1791,0.9486,0.3925,287.0398,2.1805,0.2668,4
run3,82750,1.2229,0.9486,0.3791,298.9336,1.9603,0.2579,4
run3,83250,1.1807,0.9484,0.3826,291.8961,2.3207,0.2653,4
